Date,TempHighF,TempAvgF,TempLowF,DewPointHighF,DewPointAvgF,DewPointLowF,HumidityHighPercent,HumidityAvgPercent,HumidityLowPercent,SeaLevelPressureHighInches,SeaLevelPressureAvgInches,SeaLevelPressureLowInches,VisibilityHighMiles,VisibilityAvgMiles,VisibilityLowMiles,WindHighMPH,WindAvgMPH,WindGustMPH,PrecipitationSumInches,Events
8/3/2015,99,87,75,69,64,60,79,54,29,29.9,29.86,29.82,10,10,10,13,4,17,0, 
8/4/2015,100,89,77,74,70,66,88,62,35,30,29.9,29.85,10,10,10,12,6,22,0, 
8/5/2015,101,90,78,75,71,64,85,59,33,30.02,29.93,29.85,10,10,10,13,7,21,0, 
8/6/2015,102,90,77,73,71,65,85,59,33,30,29.89,29.8,10,10,10,13,7,22,0, 
8/7/2015,101,89,76,73,70,66,88,61,33,29.95,29.87,29.79,10,10,10,13,6,22,0, 
8/8/2015,103,90,76,73,73,72,100,66,31,29.86,29.86,29.85,10,10,10,20,10,24,0, 
8/9/2015,103,89,74,-,-,-,100,65,29,-,-,-,-,-,-,-,-,-,0, 
8/10/2015,105,90,74,-,-,-,100,62,24,-,-,-,-,-,-,14,6,20,0, 
8/11/2015,105,90,75,-,-,-,-,-,-,-,-,-,-,-,-,-,-,-,0, 
8/12/2015,105,92,79,69,68,66,55,43,31,30.01,29.95,29.91,10,10,10,13,3,20,0, 
8/13/2015,104,91,78,70,67,63,74,51,27,30,29.94,29.88,10,10,10,10,3,19,0, 
8/14/2015,101,90,78,74,69,65,85,58,31,30.01,29.95,29.89,10,10,10,10,4,17,0, 
8/15/2015,98,89,79,73,66,56,74,54,33,30.04,29.96,29.88,10,10,10,10,3,16,0,Thunderstorm
8/16/2015,98,87,75,70,67,61,82,58,33,29.99,29.93,29.86,10,10,8,13,4,19,0, 
8/17/2015,98,86,74,71,68,64,87,61,35,29.97,29.91,29.82,10,10,9,12,4,17,0, 
8/18/2015,99,88,76,73,70,65,88,62,35,29.93,29.84,29.7,10,10,10,14,7,23,0, 
8/19/2015,99,89,78,74,72,67,85,62,39,29.87,29.8,29.72,10,10,10,13,6,20,0, 
8/20/2015,84,79,73,74,71,66,94,78,62,30.01,29.94,29.86,10,8,1,13,4,22,0.35,"Rain , Thunderstorm"
8/21/2015,92,82,72,74,71,67,93,73,52,30.03,29.96,29.86,10,9,4,14,5,23,T,Rain
8/22/2015,99,87,75,75,73,65,94,65,35,29.98,29.92,29.82,10,10,10,13,6,22,0, 
8/23/2015,101,89,76,76,72,65,94,64,33,30.05,29.97,29.91,10,10,10,12,5,18,0, 
8/24/2015,101,89,76,73,68,62,87,58,29,30.07,30,29.94,10,10,10,9,2,15,0, 
8/25/2015,101,89,77,71,68,65,79,56,33,30.06,30.01,29.97,10,10,10,12,3,23,0, 
8/26/2015,98,86,73,71,68,64,87,62,36,30.12,30.05,29.99,10,10,10,8,3,13,0, 
8/27/2015,98,86,74,72,64,56,87,56,25,30.07,30.01,29.94,10,10,10,12,4,18,0, 
8/28/2015,98,85,72,65,60,57,73,50,27,29.99,29.95,29.89,10,10,10,12,4,18,0, 
8/29/2015,95,83,71,65,63,60,79,55,31,30.04,29.98,29.93,10,10,10,9,3,15,0, 
8/30/2015,96,86,75,67,65,62,74,55,36,30.02,29.97,29.91,10,10,10,10,3,17,0, 
8/31/2015,97,86,74,72,67,61,87,59,30,30.06,29.97,29.9,10,10,10,16,5,24,0, 
9/1/2015,94,84,74,72,69,63,87,64,41,30.07,30,29.92,10,10,10,14,5,21,0, 
9/2/2015,95,83,71,70,67,64,90,65,39,30.08,30.01,29.89,10,10,10,12,4,19,0, 
9/3/2015,94,84,73,71,69,65,87,64,41,29.99,29.92,29.81,10,10,10,13,3,19,0, 
9/4/2015,100,88,75,74,72,66,88,62,35,29.97,29.91,29.83,10,10,10,14,6,23,0, 
9/5/2015,101,90,79,77,73,66,91,62,33,30.03,29.95,29.88,10,10,10,16,7,24,0.01, 
9/6/2015,100,88,76,75,71,65,94,63,31,30.05,29.95,29.85,10,10,8,12,6,19,0, 
9/7/2015,100,88,76,74,70,64,88,61,33,29.98,29.91,29.83,10,10,10,13,6,20,0, 
9/8/2015,99,88,76,74,71,65,88,61,33,29.97,29.89,29.77,10,10,10,10,5,16,0, 
9/9/2015,93,84,74,75,73,68,100,74,47,29.98,29.91,29.81,10,8,1,10,3,17,1.05,"Rain , Thunderstorm"
9/10/2015,96,84,72,76,73,68,100,71,42,29.98,29.91,29.81,10,7,0,16,2,25,0.79,"Fog , Rain , Thunderstorm"
9/11/2015,93,84,75,75,73,68,94,72,49,29.99,29.92,29.85,10,8,4,12,3,20,T, 
9/12/2015,91,80,69,72,57,46,87,55,23,30.08,30.02,29.96,10,10,10,13,5,20,0, 
9/13/2015,91,77,63,58,51,47,73,49,24,30.09,30.02,29.95,10,10,10,13,4,20,0, 
9/14/2015,90,77,64,68,57,51,79,53,27,30.07,30.01,29.95,10,10,10,12,5,17,0, 
9/15/2015,95,84,73,72,70,68,87,67,46,30.1,30.02,29.96,10,10,7,16,5,26,T, 
9/16/2015,93,84,75,74,72,69,94,72,49,30.13,30.05,29.98,10,9,2,13,6,19,0.04,Rain
9/17/2015,96,86,75,73,71,65,94,67,39,30.06,29.99,29.86,10,10,10,13,6,18,0, 
9/18/2015,96,86,75,73,70,61,94,64,33,29.96,29.88,29.79,10,10,10,12,6,18,0, 
9/19/2015,96,85,74,73,68,53,94,60,26,30,29.92,29.86,10,10,10,9,3,14,0, 
9/20/2015,95,82,69,70,63,57,90,60,30,30.01,29.96,29.9,-,-,-,9,3,15,0, 
9/21/2015,95,84,73,71,64,53,87,57,26,30.01,29.95,29.9,-,-,-,12,4,16,0, 
9/22/2015,97,84,70,67,64,61,79,56,33,30.04,29.98,29.94,10,10,10,10,4,17,0, 
9/23/2015,94,81,68,69,62,53,90,58,26,30.05,29.99,29.92,10,10,9,10,2,15,0, 
9/24/2015,95,82,69,64,58,52,73,49,24,30.03,29.99,29.94,10,10,10,10,2,16,0, 
9/25/2015,96,84,72,67,64,60,79,58,36,30.04,30,29.93,10,10,10,12,2,19,T,"Rain , Thunderstorm"
9/26/2015,95,82,68,65,59,51,84,54,24,29.99,29.93,29.86,10,10,10,12,3,21,0, 
9/27/2015,95,81,67,67,59,52,76,50,24,29.94,29.87,29.8,10,10,10,13,2,22,0, 
9/28/2015,89,79,69,66,63,60,90,64,38,29.89,29.83,29.76,10,10,7,12,3,17,0, 
9/29/2015,94,81,67,66,64,62,87,63,38,29.91,29.86,29.82,10,10,10,10,2,17,0, 
9/30/2015,95,83,70,65,62,58,84,56,28,30,29.94,29.9,10,10,10,10,2,16,0, 
10/1/2015,94,82,69,63,60,57,73,52,30,30.08,30,29.93,10,9,1,12,4,17,0, 
10/2/2015,89,78,67,58,50,40,68,45,22,30.06,29.97,29.88,10,10,10,12,5,18,0, 
10/3/2015,87,72,56,45,43,40,57,40,22,29.94,29.88,29.8,10,10,10,8,3,14,0, 
10/4/2015,87,73,59,50,47,44,67,45,23,30.02,29.95,29.88,10,10,10,8,2,14,0, 
10/5/2015,85,76,67,56,52,48,57,45,32,30.09,30.03,29.96,10,10,10,9,2,13,0, 
10/6/2015,90,77,63,56,53,49,63,44,24,30.15,30.07,30.01,10,10,10,8,3,12,0, 
10/7/2015,91,77,62,63,58,53,72,54,36,30.1,30.02,29.96,10,10,10,12,3,15,0, 
10/8/2015,91,80,68,69,64,59,90,64,38,30.07,30,29.94,10,10,10,10,3,20,0, 
10/9/2015,88,80,72,66,64,62,79,62,45,30.14,30.07,30.02,10,10,9,8,2,11,0, 
10/10/2015,90,79,67,62,59,58,78,56,34,30.21,30.11,30.03,10,10,10,10,3,16,0, 
10/11/2015,95,80,64,64,61,59,78,55,31,30.05,29.92,29.8,10,10,10,13,4,21,0, 
10/12/2015,99,86,72,73,67,64,90,62,33,29.84,29.78,29.7,10,9,5,13,6,23,0, 
10/13/2015,94,79,64,73,45,28,79,45,10,30.04,29.96,29.86,10,10,10,12,5,20,0, 
10/14/2015,96,78,60,49,41,35,60,36,12,30.1,30.03,29.98,10,10,5,9,3,15,0, 
10/15/2015,95,79,63,67,56,46,87,55,23,30.13,30.06,29.99,10,10,7,12,4,21,0, 
10/16/2015,90,76,62,66,56,48,93,60,26,30.21,30.15,30.09,10,10,10,12,2,16,0, 
10/17/2015,88,75,62,54,48,42,67,46,25,30.3,30.22,30.17,10,10,10,9,4,16,0, 
10/18/2015,84,71,57,42,35,29,51,33,14,30.35,30.27,30.22,10,10,10,9,4,14,0, 
10/19/2015,86,70,54,53,45,38,67,46,25,30.27,30.19,30.09,10,10,10,12,4,18,0, 
10/20/2015,87,73,58,68,58,52,86,61,35,30.17,30.08,29.99,10,10,10,13,4,20,0, 
10/21/2015,86,79,72,70,68,65,90,71,51,30.13,30.06,29.98,10,10,9,16,8,24,T,Rain
10/22/2015,82,76,70,74,70,67,100,85,69,30.04,29.97,29.87,10,7,2,16,7,25,0.16,Rain
10/23/2015,80,76,71,76,73,69,100,91,82,29.94,29.89,29.82,10,7,1,21,6,32,0.43,"Rain , Thunderstorm"
10/24/2015,76,68,60,74,66,60,100,94,87,30.01,29.9,29.8,10,4,1,17,9,26,4.79,Rain
10/25/2015,64,61,57,58,57,55,100,89,78,30.07,30.02,29.99,10,8,3,17,9,31,0.65,Rain
10/26/2015,79,69,58,57,54,50,78,62,45,30.05,29.97,29.88,10,10,10,15,6,23,0, 
10/27/2015,84,71,58,56,53,47,93,61,28,29.94,29.85,29.74,10,10,10,8,3,14,0, 
10/28/2015,82,70,58,54,50,45,78,53,28,29.91,29.85,29.77,10,10,10,18,4,31,0, 
10/29/2015,81,66,51,64,54,49,96,66,35,29.97,29.89,29.83,10,10,10,12,4,18,0, 
10/30/2015,75,71,67,73,70,65,100,90,79,29.87,29.73,29.62,10,4,0,29,8,42,4.93,"Fog , Rain , Thunderstorm"
10/31/2015,77,71,65,73,65,59,100,82,64,29.91,29.75,29.6,10,8,1,16,4,27,0.89,"Rain , Thunderstorm"
11/1/2015,75,67,59,59,57,53,97,75,53,30.04,29.96,29.91,10,10,5,8,3,12,0.07,Rain
11/2/2015,79,68,57,60,58,55,100,75,50,30.03,29.98,29.92,10,5,0,10,3,14,0,Fog
11/3/2015,80,69,57,62,59,55,100,74,47,30.08,30.01,29.95,10,7,0,10,3,14,0,Fog
11/4/2015,78,70,61,68,64,59,100,82,64,30.07,30.02,29.96,10,9,5,13,5,20,T,Rain
11/5/2015,85,79,72,74,72,69,100,83,65,30.02,29.97,29.89,10,9,2,12,6,19,0.05,"Rain , Thunderstorm"
11/6/2015,76,68,59,71,54,43,87,62,37,30.11,30.06,29.99,10,10,10,14,3,20,0.02,Rain
11/7/2015,63,60,56,57,54,43,100,79,57,30.26,30.17,30.04,10,8,0,17,8,28,0.53,"Fog , Rain"
11/8/2015,71,62,53,47,43,41,72,56,39,30.3,30.23,30.14,10,10,10,13,5,20,0, 
11/9/2015,73,63,52,55,50,44,83,66,49,30.19,30.12,30.05,10,10,10,6,1,9,0, 
11/10/2015,74,67,60,67,63,55,90,82,73,30.12,30.02,29.93,10,10,10,12,4,20,0, 
11/11/2015,85,77,69,71,64,27,93,62,31,30,29.87,29.79,10,10,10,13,7,25,0, 
11/12/2015,71,64,56,41,36,27,51,36,20,30.26,30.19,30.02,10,10,10,16,6,27,0, 
11/13/2015,65,61,56,43,39,37,57,47,37,30.34,30.28,30.24,10,10,10,7,4,14,0, 
11/14/2015,65,60,54,52,46,40,83,66,48,30.36,30.3,30.28,10,10,6,8,3,11,0.01,Rain
11/15/2015,70,62,54,62,53,46,87,73,58,30.28,30.18,30.06,10,10,10,9,4,17,0, 
11/16/2015,75,70,65,71,67,63,100,92,84,30.08,29.85,29.62,10,8,2,16,7,28,0.01,Rain
11/17/2015,75,61,47,70,55,42,93,69,44,29.79,29.66,29.54,10,8,1,18,4,30,1.03,Rain
11/18/2015,72,58,43,45,42,39,93,64,35,29.96,29.86,29.78,10,10,10,9,2,15,0, 
11/19/2015,79,63,46,51,46,41,86,59,32,30.15,30.08,29.97,10,10,10,8,1,11,0, 
11/20/2015,77,65,52,61,55,49,93,67,40,30.13,30.03,29.93,10,10,10,12,4,17,0, 
11/21/2015,66,54,41,63,47,25,93,63,32,30.37,30.12,29.91,10,10,7,22,7,35,T, 
11/22/2015,59,47,34,33,29,26,82,56,30,30.4,30.32,30.24,10,10,10,8,2,13,0, 
11/23/2015,63,48,32,41,33,29,92,61,30,30.37,30.29,30.22,10,10,10,9,2,14,0, 
11/24/2015,64,56,47,58,50,42,80,74,67,30.24,30.14,30.07,10,10,10,9,3,16,0, 
11/25/2015,74,68,62,64,61,58,93,77,61,30.11,30.07,30.02,10,10,5,14,5,22,T,Rain
11/26/2015,74,71,68,71,69,63,100,91,81,30.15,30.1,30.04,10,8,2,14,7,20,0.26,Rain
11/27/2015,74,58,41,71,58,39,100,94,87,30.24,30.14,30.07,10,6,0,15,7,22,1.46,"Fog , Rain"
11/28/2015,44,42,39,42,39,38,100,91,82,30.28,30.23,30.19,10,9,4,13,7,19,0.25,Rain
11/29/2015,47,45,42,44,42,40,96,91,86,30.26,30.18,30.1,10,8,2,9,4,15,0.04,Rain
11/30/2015,55,50,45,48,45,43,100,86,72,30.11,30.06,30.03,10,10,4,7,2,11,0, 
12/1/2015,59,53,46,46,43,39,93,72,51,30.12,30.05,29.98,10,10,10,7,2,12,0, 
12/2/2015,68,55,42,48,40,31,100,65,29,30.3,30.18,30.07,10,10,0,9,3,14,0,Fog
12/3/2015,63,52,40,38,37,35,86,61,36,30.43,30.38,30.3,10,10,10,8,1,12,0, 
12/4/2015,63,50,37,43,38,35,92,66,39,30.52,30.45,30.4,10,10,10,9,2,13,0, 
12/5/2015,65,51,37,43,39,35,92,66,40,30.5,30.43,30.37,10,10,10,9,2,14,0, 
12/6/2015,70,57,44,51,46,42,93,71,49,30.46,30.4,30.34,10,10,9,10,2,16,0, 
12/7/2015,69,57,44,47,43,40,92,64,35,30.37,30.27,30.16,10,10,4,7,1,12,0, 
12/8/2015,75,59,42,54,48,41,96,70,43,30.14,30.03,29.92,10,10,8,12,3,21,0, 
12/9/2015,76,62,47,50,47,41,93,61,29,30.07,29.98,29.92,10,10,8,8,2,13,0, 
12/10/2015,78,65,51,62,58,46,100,78,56,29.93,29.86,29.76,10,8,2,10,4,19,0, 
12/11/2015,79,66,52,65,61,51,100,79,58,29.88,29.83,29.78,10,6,0,14,6,23,0,Fog
12/12/2015,75,73,70,70,67,65,90,85,79,29.84,29.75,29.63,10,9,6,17,9,29,0.01,Rain
12/13/2015,74,60,46,69,52,43,96,84,72,29.79,29.7,29.6,10,6,1,23,4,37,1.54,Rain
12/14/2015,75,59,42,46,41,35,89,57,25,29.85,29.78,29.73,10,10,10,10,3,18,0, 
12/15/2015,75,64,53,65,60,45,100,86,71,29.81,29.72,29.66,10,10,8,9,4,16,0, 
12/16/2015,63,55,46,39,29,25,53,40,27,30.03,29.92,29.81,10,10,10,15,8,26,0, 
12/17/2015,68,54,39,37,31,23,79,54,28,30.26,30.08,29.99,10,10,10,14,4,25,0, 
12/18/2015,58,46,34,35,31,27,76,55,33,30.45,30.37,30.28,10,10,10,13,3,24,0, 
12/19/2015,66,51,36,48,40,32,92,68,44,30.5,30.4,30.34,10,10,10,13,4,20,0, 
12/20/2015,67,59,51,62,56,48,100,89,78,30.35,30.12,29.99,10,10,5,13,5,25,T,Rain
12/21/2015,76,65,54,64,61,51,93,79,64,30.01,29.96,29.88,10,9,5,8,2,15,0, 
12/22/2015,79,64,49,66,57,46,93,69,45,29.92,29.7,29.53,10,10,10,13,5,20,0, 
12/23/2015,81,67,53,66,54,40,93,59,25,29.72,29.57,29.48,10,9,3,15,3,24,0, 
12/24/2015,74,63,52,63,56,46,93,81,68,29.95,29.84,29.73,10,9,4,10,1,16,0, 
12/25/2015,70,61,51,66,53,43,93,77,61,30.04,29.95,29.84,10,9,6,9,2,17,0, 
12/26/2015,78,74,70,70,69,68,93,85,76,29.83,29.72,29.62,10,9,5,21,10,31,0.1,Rain
12/27/2015,73,55,36,69,47,33,93,89,84,29.81,29.68,29.54,10,8,1,21,10,33,1.32,"Rain , Thunderstorm"
12/28/2015,46,41,36,34,30,28,92,75,58,30.06,29.94,29.76,10,10,10,21,8,35,T, 
12/29/2015,49,43,37,43,36,32,92,74,56,30.19,30.09,30.01,10,8,3,8,3,11,0.03,Rain
12/30/2015,57,49,41,44,42,39,100,80,59,30.3,30.23,30.16,10,7,3,9,4,14,T,Rain
12/31/2015,53,46,39,40,39,37,93,78,63,30.4,30.32,30.25,10,10,10,13,6,20,0, 
1/1/2016,48,46,44,36,33,28,66,60,53,30.53,30.48,30.38,-,-,-,15,8,24,T,Rain
1/2/2016,47,45,42,42,34,29,100,77,53,30.51,30.42,30.36,-,-,-,8,2,13,0.2,Rain
1/3/2016,62,52,41,43,39,32,96,70,43,30.36,30.3,30.22,10,10,10,9,3,14,T,Rain
1/4/2016,58,48,37,33,31,30,79,58,36,30.41,30.33,30.27,10,10,10,9,4,13,0, 
1/5/2016,56,46,36,40,36,32,85,68,51,30.37,30.28,30.21,10,10,10,9,3,12,T,Rain
1/6/2016,53,50,46,52,47,41,100,86,71,30.21,30.05,29.95,10,5,1,9,3,13,0.13,"Rain , Thunderstorm"
1/7/2016,73,61,49,53,50,46,100,71,41,29.96,29.9,29.81,10,5,0,9,2,13,0,Fog
1/8/2016,66,55,44,57,50,43,100,86,72,29.86,29.79,29.69,10,7,2,13,3,18,0,Thunderstorm
1/9/2016,58,48,38,44,34,28,71,59,46,30.24,30.02,29.83,10,10,10,18,9,30,0, 
1/10/2016,50,42,33,28,26,25,82,61,39,30.4,30.3,30.23,10,10,10,12,4,16,0, 
1/11/2016,56,45,34,32,28,25,82,59,35,30.31,30.26,30.19,10,10,10,7,1,9,0, 
1/12/2016,66,50,34,39,34,29,89,58,27,30.36,30.28,30.23,10,10,10,10,2,16,0, 
1/13/2016,66,52,38,42,39,36,92,68,43,30.26,30.17,30.08,10,10,10,10,2,17,0, 
1/14/2016,70,59,47,55,50,40,93,75,57,30.05,29.91,29.74,10,10,10,12,3,19,0, 
1/15/2016,70,59,48,53,39,29,93,58,22,29.87,29.79,29.71,10,10,10,10,3,17,0, 
1/16/2016,64,54,43,43,37,33,76,61,46,30.19,29.96,29.78,10,10,10,20,5,29,T,Rain
1/17/2016,57,45,32,35,32,30,89,65,41,30.25,30.19,30.1,10,10,10,12,3,18,0, 
1/18/2016,59,48,36,38,36,33,92,70,47,30.42,30.32,30.25,10,10,10,8,2,12,0, 
1/19/2016,69,56,43,51,47,41,100,78,55,30.28,30.19,30.08,10,7,2,14,4,26,0, 
1/20/2016,57,51,45,51,39,31,89,70,50,30.23,30.1,29.99,10,10,9,12,4,17,0, 
1/21/2016,64,54,43,56,46,27,100,66,32,30.23,30,29.88,10,6,1,22,7,36,0.01,Rain
1/22/2016,54,46,37,30,29,28,70,56,41,30.38,30.31,30.22,10,10,10,18,8,26,0, 
1/23/2016,57,44,31,32,30,27,85,61,36,30.37,30.28,30.17,10,10,10,8,3,12,0, 
1/24/2016,70,53,35,52,41,31,82,61,40,30.15,30.03,29.9,10,10,10,14,5,24,0, 
1/25/2016,75,66,56,57,51,37,93,66,38,30.06,29.94,29.87,10,10,10,10,4,20,0, 
1/26/2016,58,51,43,36,32,26,58,50,41,30.32,30.2,30.06,10,10,10,18,10,30,T,Rain
1/27/2016,59,48,36,30,26,20,70,47,24,30.4,30.32,30.25,10,10,10,14,5,21,0, 
1/28/2016,71,52,32,36,32,27,82,53,23,30.27,30.17,30.08,10,10,10,10,2,17,0, 
1/29/2016,76,57,38,39,35,33,85,53,21,30.12,30.02,29.93,10,10,10,14,4,24,0, 
1/30/2016,77,62,46,56,46,39,84,59,33,29.94,29.87,29.79,10,10,10,14,6,25,0, 
1/31/2016,86,72,58,58,54,36,93,55,17,29.87,29.81,29.73,10,10,10,12,5,19,0, 
2/1/2016,77,66,54,61,54,37,100,73,46,29.86,29.74,29.53,10,7,0,18,8,28,0,Fog
2/2/2016,72,62,51,36,27,23,37,28,18,29.94,29.78,29.68,10,10,5,16,6,23,0, 
2/3/2016,58,49,39,27,25,23,54,41,28,30.4,30.2,29.97,10,10,10,15,7,23,0, 
2/4/2016,59,47,34,28,23,19,75,49,23,30.55,30.46,30.41,10,10,10,8,3,12,0, 
2/5/2016,62,48,33,39,28,23,70,47,24,30.48,30.38,30.29,10,10,10,15,4,22,0, 
2/6/2016,60,51,39,41,31,25,79,51,28,30.4,30.35,30.3,10,10,10,15,7,29,0,"Rain , Thunderstorm"
2/7/2016,68,50,32,37,33,30,96,62,28,30.38,30.23,30.1,10,10,6,13,3,21,0, 
2/8/2016,65,56,46,33,20,14,58,37,15,30.45,30.34,30.21,10,10,10,17,8,29,0, 
2/9/2016,74,57,39,33,27,20,59,40,20,30.4,30.32,30.23,10,10,10,14,6,23,0, 
2/10/2016,74,56,38,36,33,30,82,54,25,30.41,30.3,30.17,10,10,10,9,3,16,0, 
2/11/2016,83,68,52,47,37,30,52,36,20,30.17,30.12,30.04,10,10,10,13,5,20,0, 
2/12/2016,79,63,47,48,43,38,93,60,27,30.29,30.21,30.13,10,10,10,10,3,19,0, 
2/13/2016,75,64,52,54,47,38,78,60,42,30.36,30.25,30.14,10,10,10,15,6,24,0, 
2/14/2016,75,66,57,57,55,53,93,71,49,30.11,29.97,29.83,10,10,9,15,6,26,0, 
2/15/2016,74,62,50,58,49,35,90,59,27,29.96,29.89,29.81,10,10,10,16,5,25,0, 
2/16/2016,82,63,43,47,40,32,71,49,26,30.09,29.99,29.92,10,10,10,12,4,19,0, 
2/17/2016,75,63,50,42,33,25,44,35,25,30.29,30.2,30.09,10,10,10,13,6,21,0, 
2/18/2016,79,67,54,58,54,45,93,68,42,30.24,30.16,30.06,10,10,7,16,9,29,0, 
2/19/2016,81,73,64,62,58,56,81,63,45,30.17,30.1,30.01,10,10,10,16,8,28,0, 
2/20/2016,76,71,66,64,62,60,87,76,64,30.09,30.03,29.95,10,10,7,14,6,21,0, 
2/21/2016,71,68,65,65,63,60,93,86,79,30.06,30,29.94,10,10,8,9,3,16,0.01,Rain
2/22/2016,72,65,57,59,56,52,90,74,57,30.01,29.88,29.65,10,10,7,12,4,18,0, 
2/23/2016,61,54,47,58,50,36,93,76,59,30.06,29.73,29.59,10,8,1,23,9,37,1.33,"Rain , Thunderstorm"
2/24/2016,65,54,42,38,30,23,76,49,21,30.28,30.18,30.06,10,10,10,18,7,28,0, 
2/25/2016,69,54,38,34,31,27,79,53,26,30.44,30.31,30.21,10,10,10,13,5,19,0, 
2/26/2016,64,53,41,36,29,25,56,42,27,30.51,30.4,30.32,10,10,10,10,3,16,0, 
2/27/2016,73,58,42,52,45,36,82,62,42,30.33,30.24,30.13,10,10,10,14,5,21,0, 
2/28/2016,78,67,55,59,55,52,93,72,50,30.12,30.04,29.95,10,10,10,13,7,23,0, 
2/29/2016,77,70,62,61,60,57,93,72,50,30.13,30.04,29.93,10,10,10,13,6,22,0, 
3/1/2016,81,70,59,62,55,35,87,62,36,30.18,30.02,29.93,10,10,10,16,8,28,0, 
3/2/2016,78,64,49,62,47,32,81,59,36,30.21,30.06,29.9,10,10,8,16,6,25,0, 
3/3/2016,83,73,62,64,50,33,87,53,18,30.13,29.97,29.83,10,10,9,17,7,28,0, 
3/4/2016,76,61,45,47,37,33,71,48,25,30.21,30.12,30.04,10,10,10,12,4,22,0, 
3/5/2016,79,68,57,56,54,49,93,66,39,30.21,30.13,30.08,10,10,10,12,6,18,0, 
3/6/2016,77,68,58,60,57,54,93,74,54,30.17,30.08,29.93,10,9,5,16,9,26,0, 
3/7/2016,76,70,64,65,62,59,87,76,64,29.95,29.83,29.71,10,9,2,21,11,33,0.01,Rain
3/8/2016,83,76,68,69,66,64,90,74,58,29.78,29.69,29.6,10,8,1,17,9,30,0.22,"Rain , Thunderstorm"
3/9/2016,71,65,59,67,58,57,100,92,84,29.85,29.75,29.65,10,6,1,15,8,27,2.18,"Rain , Thunderstorm"
3/10/2016,64,61,58,61,59,57,93,92,90,29.95,29.88,29.78,10,8,2,16,8,26,0.4,Rain
3/11/2016,71,65,59,63,61,57,100,87,73,29.97,29.93,29.87,10,7,2,9,3,15,0.36,"Rain , Thunderstorm"
3/12/2016,74,66,57,58,56,54,100,75,49,29.97,29.9,29.81,10,10,8,9,4,16,T,Rain
3/13/2016,85,71,56,61,51,37,97,59,20,29.83,29.79,29.72,10,8,2,15,4,25,0, 
3/14/2016,92,73,54,63,50,41,73,48,23,29.87,29.79,29.71,10,10,10,14,5,26,0, 
3/15/2016,92,80,67,68,58,41,100,59,18,29.92,29.79,29.72,10,7,3,12,6,20,0, 
3/16/2016,81,71,61,67,57,42,84,61,37,30.02,29.93,29.88,10,9,5,13,5,17,0, 
3/17/2016,79,73,67,67,66,64,90,76,62,29.94,29.88,29.78,10,6,1,7,4,12,0.02,Rain
3/18/2016,79,68,56,69,66,51,100,85,69,30.01,29.82,29.73,10,7,2,17,5,25,0.07,"Rain , Thunderstorm"
3/19/2016,62,55,47,49,36,28,72,52,31,30.29,30.16,30.02,10,10,10,18,11,29,0, 
3/20/2016,64,53,42,32,28,25,62,44,25,30.47,30.39,30.3,10,10,10,15,5,23,0, 
3/21/2016,68,52,35,39,34,30,82,57,32,30.47,30.37,30.24,10,10,10,12,4,20,0, 
3/22/2016,78,62,45,58,50,40,86,67,47,30.22,30.06,29.92,10,10,10,17,9,31,0, 
3/23/2016,82,74,65,65,62,59,87,71,54,29.89,29.8,29.68,10,10,7,15,9,27,0.05, 
3/24/2016,70,59,48,67,46,31,72,51,30,30.08,29.93,29.78,10,8,2,17,8,28,0.15,"Rain , Thunderstorm"
3/25/2016,73,57,41,46,41,39,89,60,31,30.03,29.95,29.83,10,10,10,12,4,19,0, 
3/26/2016,74,61,48,57,53,47,93,75,57,29.94,29.9,29.85,10,9,5,13,4,20,0, 
3/27/2016,74,65,56,63,55,44,100,70,40,30.17,30.03,29.9,10,8,2,15,5,24,T,Rain
3/28/2016,75,62,48,46,42,40,71,51,31,30.18,30.09,29.99,10,10,10,10,4,18,0, 
3/29/2016,69,64,58,68,62,47,100,76,52,30.01,29.91,29.84,10,5,2,13,6,22,0.02,Rain
3/30/2016,77,73,68,70,69,68,100,88,76,29.85,29.74,29.6,10,5,2,14,7,24,0.03,Rain
3/31/2016,86,76,66,69,56,39,97,59,20,29.76,29.67,29.61,10,7,2,12,5,18,0, 
4/1/2016,66,59,51,52,45,38,72,57,42,30.17,29.97,29.76,10,9,2,21,8,37,0.34,"Rain , Thunderstorm"
4/2/2016,74,60,45,42,38,34,76,50,23,30.32,30.24,30.18,10,10,10,13,5,20,0, 
4/3/2016,79,62,44,45,41,39,89,58,27,30.26,30.18,30.08,10,10,10,12,3,17,0, 
4/4/2016,83,68,53,53,46,38,66,48,30,30.21,30.15,30.1,10,10,10,12,4,18,0, 
4/5/2016,82,68,53,55,47,40,66,50,33,30.22,30.14,30.03,10,10,10,15,5,25,0, 
4/6/2016,82,69,55,58,48,35,90,56,21,30.12,30.04,29.93,10,10,10,15,6,23,0, 
4/7/2016,85,67,48,51,45,41,86,55,23,30.09,30.01,29.93,10,10,10,9,3,19,0, 
4/8/2016,80,68,55,49,43,38,77,51,25,30.19,30.11,30.02,10,10,10,12,4,19,0, 
4/9/2016,77,68,58,58,53,44,84,63,41,30.16,30.09,29.99,10,10,2,16,5,26,0.02,"Rain , Thunderstorm"
4/10/2016,79,72,65,66,62,59,87,75,62,30.04,29.96,29.85,10,10,10,21,8,32,T, 
4/11/2016,89,80,70,71,68,66,93,74,55,29.98,29.89,29.83,10,10,6,15,5,26,T, 
4/12/2016,73,68,62,70,61,58,93,83,73,30.13,30.03,29.94,10,8,1,15,7,26,1.19,"Rain , Thunderstorm"
4/13/2016,72,65,58,61,60,58,100,83,66,30.09,30.04,29.95,10,8,2,10,4,20,0.4,Rain
4/14/2016,77,66,54,58,56,53,100,75,50,30.07,30,29.91,10,6,0,10,4,17,0,Fog
4/15/2016,79,67,54,62,58,53,100,77,54,29.93,29.87,29.78,10,8,4,14,5,22,0, 
4/16/2016,75,70,64,71,66,61,100,92,84,29.89,29.84,29.78,10,7,1,16,8,28,0.25,Rain
4/17/2016,78,71,64,71,67,63,97,90,82,29.99,29.93,29.85,10,5,0,16,6,25,1.34,"Fog , Rain , Thunderstorm"
4/18/2016,75,69,63,68,65,63,100,87,73,30.13,30.05,29.96,10,6,1,13,4,23,1.13,"Rain , Thunderstorm"
4/19/2016,81,72,62,67,64,61,100,79,58,30.12,30.06,29.94,10,6,1,8,2,13,0, 
4/20/2016,81,71,60,67,63,58,93,72,51,30.06,29.98,29.9,10,9,2,20,4,35,0.58,"Rain , Thunderstorm"
4/21/2016,83,72,60,66,61,58,93,70,47,30.08,29.97,29.88,10,8,2,17,5,25,0.41,"Rain , Thunderstorm"
4/22/2016,84,72,60,60,55,49,93,63,33,30.13,30.06,30.02,10,10,10,12,4,16,0, 
4/23/2016,83,69,55,59,54,50,87,61,34,30.1,30.02,29.92,10,10,10,9,3,17,0, 
4/24/2016,79,71,63,67,63,58,93,79,64,29.96,29.86,29.78,10,10,10,13,6,20,T, 
4/25/2016,88,79,70,73,69,67,93,76,59,29.85,29.77,29.66,10,10,6,15,7,25,0,Thunderstorm
4/26/2016,86,79,72,72,69,66,93,77,61,29.76,29.67,29.57,10,8,4,17,9,27,0, 
4/27/2016,90,76,62,71,58,36,93,54,15,29.78,29.69,29.55,10,8,1,16,5,37,0.54,"Rain , Thunderstorm"
4/28/2016,87,75,63,73,66,56,93,71,48,29.88,29.78,29.72,10,8,2,15,7,25,T, 
4/29/2016,84,80,75,74,73,72,94,82,70,29.78,29.65,29.54,10,7,3,14,7,23,T,Rain
4/30/2016,86,76,66,74,67,62,94,73,51,29.81,29.7,29.56,10,8,0,13,4,23,0.92,"Fog , Rain , Thunderstorm"
5/1/2016,78,72,66,65,60,55,87,69,50,29.98,29.89,29.8,10,10,10,13,7,22,T, 
5/2/2016,70,64,57,54,51,49,80,68,55,30.15,30.07,29.97,10,10,10,15,7,25,T,"Rain , Thunderstorm"
5/3/2016,78,67,55,51,48,46,86,60,33,30.14,30.08,30,10,10,10,12,4,19,0, 
5/4/2016,87,71,54,55,51,47,89,57,25,30.11,30.04,29.96,10,10,10,13,5,19,0, 
5/5/2016,89,74,59,56,53,50,72,51,29,30.07,30.02,29.95,10,10,10,8,4,15,0, 
5/6/2016,86,71,56,55,53,50,86,60,34,30.1,30.03,29.97,10,10,10,10,3,19,0, 
5/7/2016,85,73,60,62,58,56,90,65,40,30.03,29.96,29.88,10,10,10,17,6,29,0, 
5/8/2016,73,70,67,69,65,62,97,88,78,29.95,29.85,29.73,10,10,3,17,8,27,0.11,Rain
5/9/2016,87,77,67,70,66,64,87,69,50,29.81,29.76,29.69,10,10,7,16,7,30,0, 
5/10/2016,91,79,66,74,70,64,93,75,56,30.06,29.87,29.77,10,6,2,17,8,29,0.27,"Rain , Thunderstorm"
5/11/2016,87,76,65,73,67,63,87,76,65,30.08,29.98,29.9,10,8,2,18,6,26,0.33,"Rain , Thunderstorm"
5/12/2016,84,76,68,70,68,63,93,78,62,30.2,30.09,30,10,9,2,17,4,29,0.11,"Rain , Thunderstorm"
5/13/2016,87,79,71,70,67,64,79,69,58,30.17,30.09,29.99,10,10,10,8,4,13,T, 
5/14/2016,81,72,63,71,68,64,100,87,74,30.11,30.07,30.01,10,6,1,9,2,16,0.77,"Rain , Thunderstorm"
5/15/2016,72,67,62,67,62,54,93,83,72,30.13,30.05,29.97,10,9,4,9,4,15,0.23,Rain
5/16/2016,80,74,67,67,66,65,100,84,67,30.02,29.92,29.82,10,6,2,12,5,17,0.26,Rain
5/17/2016,82,74,65,69,66,61,100,83,65,30.05,29.92,29.82,10,6,1,20,5,31,0.2,"Rain , Thunderstorm"
5/18/2016,78,71,64,63,61,58,93,77,60,30.11,30.02,29.9,10,10,4,15,7,23,0.16,"Rain , Thunderstorm"
5/19/2016,76,69,61,65,61,59,100,84,68,30.05,29.97,29.86,10,5,1,15,5,29,2.25,"Rain , Thunderstorm"
5/20/2016,83,73,62,66,62,60,93,74,55,30.05,29.98,29.91,10,9,5,8,3,13,0, 
5/21/2016,83,77,70,74,69,64,87,81,74,30.07,30,29.92,10,10,8,9,4,16,0, 
5/22/2016,87,80,72,75,72,69,93,82,70,30.01,29.94,29.82,10,10,6,14,5,22,T, 
5/23/2016,85,78,71,75,72,69,93,84,74,29.98,29.88,29.79,10,9,2,14,7,22,0.01,Rain
5/24/2016,87,81,74,74,72,70,87,76,65,29.98,29.91,29.85,10,10,10,13,8,22,0, 
5/25/2016,86,82,77,77,75,73,88,81,74,30.03,29.96,29.9,10,8,5,13,6,22,0, 
5/26/2016,90,79,68,78,73,67,93,76,59,29.98,29.84,29.73,10,8,5,16,7,28,0.52,"Rain , Thunderstorm"
5/27/2016,77,71,65,69,66,64,100,87,74,29.88,29.76,29.68,10,8,2,12,6,21,0.35,"Rain , Thunderstorm"
5/28/2016,91,78,65,77,69,64,100,79,57,30.03,29.9,29.81,10,6,0,13,5,19,0.02,"Fog , Rain , Thunderstorm"
5/29/2016,88,79,70,74,71,66,100,78,55,30.09,30.03,29.95,10,8,3,14,6,21,0.18,"Rain , Thunderstorm"
5/30/2016,89,78,66,72,67,61,93,67,40,30.11,29.99,29.86,10,8,2,13,5,19,0.31,"Rain , Thunderstorm"
5/31/2016,82,75,67,75,71,67,100,85,69,29.93,29.87,29.78,10,8,1,14,3,22,1.07,"Rain , Thunderstorm"
6/1/2016,87,78,68,72,69,66,97,75,53,29.94,29.88,29.8,10,6,1,10,2,16,0.19,Rain
6/2/2016,84,76,68,72,69,63,100,76,51,29.94,29.88,29.82,10,7,1,10,4,18,0.36,"Rain , Thunderstorm"
6/3/2016,85,75,65,70,66,63,93,74,55,29.95,29.89,29.8,10,6,1,10,3,16,1.61,"Rain , Thunderstorm"
6/4/2016,86,77,67,71,68,66,100,76,51,29.95,29.89,29.82,10,9,2,13,5,20,0.1,Rain
6/5/2016,88,78,68,68,62,53,97,66,34,29.91,29.86,29.82,10,10,10,14,6,22,0, 
6/6/2016,90,80,70,63,59,57,68,53,38,29.88,29.85,29.8,10,10,10,13,4,20,0, 
6/7/2016,92,81,69,70,65,63,84,64,44,29.92,29.88,29.83,10,10,10,8,2,14,0, 
6/8/2016,92,81,70,72,70,67,93,71,49,29.93,29.9,29.84,10,10,7,12,3,18,0, 
6/9/2016,92,82,71,72,70,67,93,73,52,29.96,29.92,29.87,10,10,6,20,5,34,0, 
6/10/2016,91,80,69,73,71,68,97,77,56,30.02,29.95,29.89,10,10,9,10,3,14,0, 
6/11/2016,93,85,76,75,74,72,88,72,56,30.07,30,29.92,10,9,5,12,6,19,0, 
6/12/2016,94,86,77,77,76,75,91,74,56,30.09,30,29.92,10,10,8,14,6,22,0, 
6/13/2016,94,85,76,76,75,73,91,76,60,30.02,29.94,29.81,10,10,10,12,5,18,0, 
6/14/2016,94,86,78,76,74,73,85,71,56,29.93,29.85,29.79,10,10,8,12,6,21,0, 
6/15/2016,96,87,78,75,73,71,85,66,46,29.98,29.9,29.85,10,8,6,13,7,23,0, 
6/16/2016,96,86,75,75,73,70,94,71,48,30.02,29.94,29.87,10,9,6,14,6,22,0, 
6/17/2016,97,87,76,75,73,71,94,70,46,30,29.93,29.86,10,10,9,10,6,19,0, 
6/18/2016,96,86,76,75,73,71,88,67,46,30.04,29.96,29.91,10,9,7,10,4,16,0, 
6/19/2016,94,86,77,76,73,68,85,67,49,30.12,30.06,30,10,10,10,12,4,17,0, 
6/20/2016,95,85,75,74,71,69,87,65,43,30.2,30.14,30.08,10,10,10,9,4,17,0, 
6/21/2016,96,86,75,73,71,69,87,66,45,30.14,30.08,29.98,10,10,10,9,4,16,0, 
6/22/2016,96,86,76,74,72,71,94,72,49,30.08,30,29.92,10,10,3,13,6,22,0, 
6/23/2016,95,85,75,73,72,68,94,70,46,30.1,30.03,29.95,10,10,10,14,6,22,0, 
6/24/2016,93,84,75,74,73,71,94,73,52,30.1,30.01,29.94,10,10,10,13,6,20,0, 
6/25/2016,88,83,77,78,75,72,94,81,68,30.09,30.03,29.99,10,10,7,10,5,16,0.02,"Rain , Thunderstorm"
6/26/2016,95,86,76,76,73,69,100,73,46,30.15,30.07,29.99,10,9,5,13,5,19,0, 
6/27/2016,96,86,75,75,71,68,87,65,42,30.14,30.06,29.98,10,10,10,8,2,15,0, 
6/28/2016,101,87,72,73,71,68,100,69,37,30.06,30.02,29.94,10,9,1,26,3,39,0.33,"Rain , Thunderstorm"
6/29/2016,96,84,71,75,70,66,93,66,39,30.05,29.97,29.9,10,10,10,9,2,13,0, 
6/30/2016,94,85,76,74,71,67,88,65,41,29.99,29.94,29.9,10,10,10,10,4,17,0, 
7/1/2016,96,85,74,74,71,69,93,70,46,30.02,29.97,29.92,10,10,8,10,5,17,0, 
7/2/2016,98,87,76,74,73,71,88,67,45,30.05,29.97,29.88,10,10,9,14,7,23,0, 
7/3/2016,98,88,78,75,74,73,85,67,48,30,29.91,29.81,10,10,10,15,8,25,0, 
7/4/2016,99,90,80,75,74,70,85,62,39,29.98,29.9,29.85,10,10,10,14,8,24,0, 
7/5/2016,99,89,79,75,74,73,85,65,45,30.01,29.95,29.88,10,9,0,16,8,26,0, 
7/6/2016,100,90,79,75,73,68,91,68,45,30.03,29.94,29.86,10,10,10,16,8,28,0, 
7/7/2016,99,89,79,74,73,71,85,64,42,29.98,29.92,29.86,10,10,5,16,9,26,0, 
7/8/2016,100,90,79,75,73,68,85,64,42,30.05,29.96,29.89,10,10,10,14,7,23,0, 
7/9/2016,99,89,78,76,73,69,91,65,39,30.07,29.99,29.89,10,10,8,13,7,23,0, 
7/10/2016,97,87,77,78,74,69,91,67,42,30.07,29.95,29.82,10,9,6,14,6,25,0.04,"Rain , Thunderstorm"
7/11/2016,100,90,79,75,71,65,85,60,35,29.94,29.88,29.82,10,10,9,17,9,31,0, 
7/12/2016,100,89,77,74,72,69,88,64,39,29.96,29.91,29.87,10,10,10,17,9,28,0, 
7/13/2016,101,91,80,76,73,69,85,64,42,30.04,29.96,29.89,10,10,10,15,8,25,0, 
7/14/2016,101,89,77,74,73,71,88,64,40,30.06,29.96,29.87,10,10,10,17,8,24,0, 
7/15/2016,101,90,78,75,71,64,91,62,33,30.05,29.97,29.86,10,10,9,13,7,22,0, 
7/16/2016,100,88,76,74,72,66,94,66,38,30.07,29.98,29.91,10,10,9,12,5,20,0, 
7/17/2016,99,88,76,74,72,66,88,63,38,30.08,30.02,29.96,10,10,10,12,7,20,0, 
7/18/2016,99,89,78,75,72,68,91,65,39,30.17,30.09,30.02,10,10,10,14,5,23,0, 
7/19/2016,100,89,77,74,72,69,85,64,42,30.21,30.11,30.04,10,10,10,15,5,24,0, 
7/20/2016,101,89,77,75,72,66,88,62,35,30.21,30.12,30.04,10,10,10,13,5,22,0, 
7/21/2016,101,89,76,73,69,65,87,60,33,30.14,30.07,30,10,10,10,12,4,20,0, 
7/22/2016,102,89,76,73,69,65,87,59,31,30.08,30.01,29.93,10,10,10,12,4,17,0, 
7/23/2016,101,90,78,74,71,67,85,60,35,30.02,29.93,29.82,10,10,10,13,6,21,0, 
7/24/2016,101,90,78,75,73,68,91,64,37,29.99,29.91,29.83,10,10,10,13,5,21,0, 
7/25/2016,102,89,76,76,73,69,94,66,37,29.96,29.91,29.79,10,9,2,21,3,33,0.76,"Rain , Thunderstorm"
7/26/2016,93,84,75,77,75,71,100,76,52,29.98,29.93,29.87,10,7,1,9,2,17,0.08,"Rain , Thunderstorm"
7/27/2016,92,83,74,78,74,70,100,78,55,30.03,29.97,29.89,10,6,0,16,3,26,1.06,"Fog , Rain , Thunderstorm"
7/28/2016,97,86,75,76,73,71,94,70,46,30.04,29.98,29.92,10,10,8,22,3,30,0,Thunderstorm
7/29/2016,96,85,74,75,72,69,91,67,43,30.06,29.97,29.88,10,10,10,9,4,17,0, 
7/30/2016,97,87,76,76,73,69,100,71,42,30.06,29.98,29.89,10,10,10,12,5,18,0, 
7/31/2016,98,88,78,75,73,67,91,66,40,30.04,29.97,29.88,-,-,-,13,6,21,0, 
8/1/2016,99,87,75,74,70,60,94,62,29,30.07,30,29.93,10,10,10,13,6,22,0, 
8/2/2016,98,87,75,74,72,69,94,67,39,30.09,30.03,29.94,10,10,10,12,5,19,0, 
8/3/2016,99,88,76,74,72,70,94,68,42,30.04,29.98,29.89,10,10,10,10,4,18,0, 
8/4/2016,99,88,76,75,72,70,88,65,42,30.02,29.92,29.84,10,10,10,12,5,20,0, 
8/5/2016,100,89,77,76,73,71,91,67,42,30.01,29.93,29.86,10,10,10,12,5,18,0, 
8/6/2016,100,89,77,75,71,67,88,63,38,30.02,29.93,29.86,10,10,10,12,4,18,0, 
8/7/2016,100,89,77,75,72,68,91,65,39,29.95,29.89,29.8,10,10,10,12,6,19,0, 
8/8/2016,100,89,78,75,72,68,91,65,39,29.93,29.86,29.77,10,10,10,10,5,20,0, 
8/9/2016,102,91,79,76,73,68,91,66,40,29.94,29.88,29.8,10,10,10,13,6,20,0, 
8/10/2016,102,92,81,77,73,68,91,64,37,30,29.93,29.85,10,10,10,12,5,20,0, 
8/11/2016,102,90,78,76,74,69,91,64,37,30.03,29.91,29.81,10,10,10,12,5,21,0, 
8/12/2016,105,92,79,76,73,69,91,63,35,29.89,29.81,29.68,10,10,9,15,5,24,0, 
8/13/2016,96,87,77,76,73,70,94,73,52,29.88,29.82,29.76,10,10,7,13,3,19,0.1,"Rain , Thunderstorm"
8/14/2016,84,78,71,76,75,70,100,90,79,29.96,29.91,29.83,10,7,1,15,3,24,0.92,"Rain , Thunderstorm"
8/15/2016,76,74,71,73,72,70,100,97,93,30.06,30,29.94,10,5,1,7,2,12,2.35,Rain
8/16/2016,83,77,71,76,73,70,100,90,79,30.07,30.02,29.97,10,6,0,10,3,16,1.79,"Fog , Rain , Thunderstorm"
8/17/2016,84,80,75,78,75,73,100,90,79,30.11,30.06,30.01,10,8,1,12,3,16,0.3,"Rain , Thunderstorm"
8/18/2016,88,81,74,80,75,73,100,84,68,30.1,30.04,29.96,10,9,1,12,2,18,0.17,Rain
8/19/2016,93,84,75,77,75,72,100,76,52,30.04,29.94,29.83,10,9,2,10,5,19,0.06,Rain
8/20/2016,83,78,73,77,74,72,94,87,79,29.95,29.89,29.82,10,8,1,10,4,17,0.74,"Rain , Thunderstorm"
8/21/2016,82,78,73,75,73,71,100,87,74,30.05,29.97,29.9,10,9,4,8,2,14,0.11,Rain
8/22/2016,91,83,75,77,74,70,94,75,56,30.1,30.05,29.99,10,9,2,13,4,20,0.04,Rain
8/23/2016,94,86,77,76,74,69,91,70,49,30.16,30.09,30.02,10,10,9,13,7,21,0, 
8/24/2016,93,85,76,75,73,69,94,72,49,30.15,30.09,29.99,10,10,5,13,6,21,0, 
8/25/2016,94,84,74,75,73,70,100,75,49,30.12,30.04,29.95,10,10,7,13,2,17,0.04, 
8/26/2016,93,84,75,75,73,71,94,73,52,30.07,30,29.91,10,10,10,13,3,20,0, 
8/27/2016,92,82,72,73,71,69,93,73,52,30.01,29.96,29.88,10,10,9,12,3,19,0, 
8/28/2016,92,83,73,75,72,70,91,72,52,30.06,29.98,29.9,10,9,1,12,3,22,0.16,Rain
8/29/2016,91,82,73,75,72,71,94,75,56,30.05,29.98,29.89,10,9,3,16,5,25,0.06,Rain
8/30/2016,92,83,73,73,72,70,94,73,52,30.04,29.97,29.9,10,10,10,12,4,16,0, 
8/31/2016,94,84,74,74,72,70,100,75,49,29.97,29.93,29.86,10,10,8,9,2,14,0.09,Rain
9/1/2016,96,86,75,74,72,69,94,70,46,29.97,29.92,29.86,10,10,8,10,4,15,0, 
9/2/2016,92,84,75,75,72,70,87,73,59,30.05,29.97,29.91,10,10,8,9,3,17,0, 
9/3/2016,92,83,73,74,72,69,94,73,52,29.99,29.95,29.9,10,9,5,10,3,17,T, 
9/4/2016,93,84,75,75,73,71,94,73,52,30.04,29.96,29.89,10,9,6,13,3,19,0.01,"Rain , Thunderstorm"
9/5/2016,94,84,73,77,74,72,94,77,59,30.08,30.01,29.96,10,10,9,14,5,19,T,"Rain , Thunderstorm"
9/6/2016,95,86,77,78,76,75,97,79,60,30.14,30.07,30.02,10,10,5,17,6,25,0.01,"Rain , Thunderstorm"
9/7/2016,96,87,78,77,76,73,97,75,52,30.16,30.08,29.98,10,10,8,13,6,20,0, 
9/8/2016,95,86,77,76,73,69,91,70,49,30.06,29.99,29.89,10,10,10,12,6,20,0, 
9/9/2016,95,86,77,75,73,71,94,72,49,30,29.93,29.86,10,10,10,13,6,20,0, 
9/10/2016,93,82,71,75,71,64,94,68,41,30.18,30.06,29.94,10,9,2,18,6,31,0.05,Rain
9/11/2016,93,81,69,68,66,64,84,64,44,30.17,30.08,29.98,10,10,10,7,2,10,0, 
9/12/2016,93,82,70,73,69,67,93,70,47,30,29.94,29.86,10,10,10,10,3,15,0, 
9/13/2016,94,84,74,75,72,69,100,73,46,30.03,29.96,29.89,10,10,6,9,3,15,T,Rain
9/14/2016,92,84,76,76,71,69,82,66,49,30.07,30.02,29.95,10,10,9,14,3,18,T,Rain
9/15/2016,94,83,72,74,71,69,93,70,46,30.04,29.97,29.9,10,10,3,12,3,17,0, 
9/16/2016,95,85,75,74,71,68,94,69,44,30,29.92,29.84,10,10,10,9,2,12,0, 
9/17/2016,96,85,75,75,72,70,90,67,46,30,29.94,29.9,10,10,10,7,1,-,0, 
9/18/2016,98,87,75,75,73,71,94,70,45,29.99,29.93,29.89,10,10,10,8,2,12,0, 
9/19/2016,99,88,76,75,73,71,94,68,42,30.02,29.97,29.93,10,10,10,10,3,16,0, 
9/20/2016,99,87,75,75,71,65,94,66,38,30.08,30.01,29.94,10,10,10,10,3,17,0, 
9/21/2016,96,86,75,75,69,61,91,62,33,30.08,29.99,29.94,10,10,7,10,2,13,0, 
9/22/2016,94,82,70,74,69,65,84,64,44,30,29.95,29.88,10,10,10,14,5,18,0, 
9/23/2016,93,85,76,77,74,72,94,73,52,30.03,29.96,29.88,10,9,2,14,5,20,0.03,Rain
9/24/2016,97,87,77,76,74,72,94,72,49,30.03,29.95,29.87,10,10,4,15,5,23,0.01,"Rain , Thunderstorm"
9/25/2016,88,79,70,76,73,69,100,83,65,30.05,29.98,29.92,10,9,0,13,4,21,0.76,"Fog , Rain , Thunderstorm"
9/26/2016,73,70,67,72,69,62,100,89,78,30.14,30.08,30.02,10,7,1,13,6,20,1.22,Rain
9/27/2016,80,74,67,64,62,61,87,71,54,30.12,30.07,30.01,10,10,10,9,3,13,0, 
9/28/2016,89,77,65,65,60,52,93,61,29,30.09,30.04,30.01,10,10,10,8,1,11,0, 
9/29/2016,86,75,63,62,55,50,87,61,34,30.21,30.15,30.08,10,10,10,12,5,21,0, 
9/30/2016,83,72,60,55,52,50,73,54,34,30.22,30.14,30.06,10,10,10,8,2,12,0, 
10/1/2016,80,70,59,61,56,53,87,65,42,30.11,30.06,30.01,10,10,10,7,1,13,T, 
10/2/2016,85,72,58,60,58,53,93,65,37,30.07,30.02,29.96,10,10,10,8,2,11,0, 
10/3/2016,87,75,62,64,61,59,90,66,42,29.98,29.91,29.82,10,10,9,10,3,14,0, 
10/4/2016,91,81,70,72,69,65,90,69,47,29.86,29.8,29.72,10,10,8,12,5,20,0, 
10/5/2016,92,84,75,74,72,68,94,72,49,29.95,29.87,29.81,10,10,10,13,5,21,0, 
10/6/2016,92,84,76,74,72,68,94,71,47,29.97,29.91,29.83,10,10,10,16,5,23,T, 
10/7/2016,89,76,63,73,69,58,94,74,53,30.17,30.02,29.91,10,10,7,16,5,26,T,Rain
10/8/2016,86,74,61,63,60,57,90,69,48,30.25,30.18,30.12,10,10,10,9,5,16,0, 
10/9/2016,84,71,58,58,47,41,73,49,24,30.29,30.21,30.16,10,10,10,8,4,14,0, 
10/10/2016,84,68,52,52,46,39,83,53,23,30.21,30.16,30.1,10,10,10,7,1,11,0, 
10/11/2016,88,71,53,59,53,48,83,57,30,30.16,30.09,30.02,10,10,10,9,1,13,0, 
10/12/2016,91,76,61,72,65,57,84,66,47,30.11,30.04,29.97,10,10,10,10,3,17,0, 
10/13/2016,89,79,68,73,69,62,94,73,51,30.17,30.09,30.01,10,10,4,12,2,16,0.17,Rain
10/14/2016,87,77,67,71,67,62,100,74,48,30.21,30.1,29.99,10,7,0,14,3,24,T,"Fog , Rain"
10/15/2016,91,81,71,71,70,67,93,70,47,30.09,30.02,29.91,10,10,10,12,4,21,0, 
10/16/2016,94,85,75,72,70,64,87,66,44,30.04,29.94,29.85,10,10,10,14,5,20,0, 
10/17/2016,94,84,74,72,70,63,93,69,44,29.94,29.86,29.74,10,10,10,12,6,23,0, 
10/18/2016,93,84,75,73,71,66,87,67,47,29.91,29.85,29.8,10,10,10,13,6,22,0, 
10/19/2016,92,84,75,74,71,66,94,71,47,30.01,29.93,29.87,10,10,10,12,5,18,0, 
10/20/2016,83,74,65,70,61,44,93,60,26,30.22,30.07,29.93,10,10,10,17,7,29,0, 
10/21/2016,77,65,53,47,45,41,71,50,28,30.31,30.23,30.16,10,10,10,9,3,15,0, 
10/22/2016,80,64,47,48,45,41,86,57,27,30.24,30.17,30.1,10,10,10,9,2,16,0, 
10/23/2016,84,70,55,62,55,47,86,63,39,30.22,30.15,30.11,10,10,10,13,3,19,T,"Rain , Thunderstorm"
10/24/2016,86,77,67,67,64,61,93,71,48,30.25,30.19,30.15,10,10,10,10,4,16,T, 
10/25/2016,86,77,67,66,63,59,100,72,44,30.23,30.16,30.07,10,8,1,10,3,17,0, 
10/26/2016,87,76,64,66,62,60,93,69,44,30.18,30.12,30.04,10,10,10,10,2,14,0, 
10/27/2016,88,76,64,67,62,58,93,68,43,30.23,30.16,30.12,10,10,10,9,3,14,0, 
10/28/2016,86,74,61,64,60,57,90,67,44,30.23,30.16,30.09,10,10,10,12,2,16,0, 
10/29/2016,86,75,64,65,62,58,93,68,42,30.19,30.13,30.06,10,10,8,12,2,21,0, 
10/30/2016,87,76,65,67,63,54,100,67,34,30.18,30.11,30.07,10,10,8,10,2,14,0, 
10/31/2016,86,73,60,69,62,58,100,72,44,30.13,30.05,29.96,10,8,0,12,3,17,0,Fog
11/1/2016,91,81,71,73,71,64,100,72,44,30.04,29.98,29.9,10,9,1,15,5,22,0.33,"Rain , Thunderstorm"
11/2/2016,88,81,73,74,72,69,100,78,55,30.15,30.06,29.99,10,9,5,12,6,17,0.01,Rain
11/3/2016,80,74,68,73,70,66,93,84,74,30.25,30.19,30.11,10,8,0,16,5,25,1.07,"Fog , Rain , Thunderstorm"
11/4/2016,73,71,68,67,66,64,93,89,84,30.3,30.24,30.2,10,9,6,8,4,11,0, 
11/5/2016,72,68,63,68,66,59,100,91,81,30.27,30.22,30.14,10,6,1,7,2,12,0.24,Rain
11/6/2016,76,68,59,67,60,57,93,85,76,30.19,30.13,30.07,10,10,5,12,2,20,0.07,Rain
11/7/2016,71,66,61,69,65,61,100,94,87,30.14,30.09,30.04,10,5,1,7,2,12,0.08,Rain
11/8/2016,69,66,62,66,64,62,100,92,84,30.21,30.16,30.09,10,8,2,10,4,16,0.49,"Rain , Thunderstorm"
11/9/2016,65,63,60,62,61,58,100,94,87,30.29,30.23,30.18,10,6,1,10,6,17,0.17,Rain
11/10/2016,71,64,56,58,55,53,90,72,53,30.34,30.29,30.25,10,10,8,8,3,12,0, 
11/11/2016,74,65,55,60,57,54,100,79,57,30.31,30.25,30.17,10,8,2,8,2,12,T,Rain
11/12/2016,77,67,57,58,57,54,93,72,50,30.28,30.22,30.17,10,8,1,9,4,13,0, 
11/13/2016,76,65,54,58,55,52,93,75,57,30.27,30.18,30.12,10,10,9,7,2,12,0, 
11/14/2016,82,69,56,62,58,55,100,74,48,30.15,30.09,30,10,6,0,9,2,16,0,Fog
11/15/2016,86,73,59,58,55,51,87,60,32,30.11,30.04,30,10,10,10,8,2,14,0, 
11/16/2016,86,71,55,57,52,49,86,58,30,30.03,29.97,29.91,10,10,10,9,3,18,0, 
11/17/2016,82,70,58,66,61,54,100,74,47,29.96,29.9,29.81,10,9,1,15,7,26,0, 
11/18/2016,79,66,52,68,55,31,90,62,34,30.47,30.1,29.9,10,10,10,17,7,29,T,Rain
11/19/2016,63,52,41,33,30,26,67,46,25,30.63,30.54,30.48,10,10,10,13,5,22,0, 
11/20/2016,67,51,35,36,32,27,85,55,24,30.48,30.35,30.21,10,10,10,10,2,15,0, 
11/21/2016,77,61,44,57,48,36,84,64,43,30.19,30.09,29.99,10,10,10,13,5,21,0, 
11/22/2016,76,69,62,69,64,57,97,83,69,29.98,29.94,29.86,10,9,2,13,5,23,0.49,"Rain , Thunderstorm"
11/23/2016,73,62,51,69,54,45,100,71,41,30.21,30.11,29.96,10,9,2,14,3,24,0.13,Rain
11/24/2016,76,61,46,60,52,45,93,70,46,30.26,30.19,30.12,10,10,10,8,1,12,0, 
11/25/2016,66,61,55,60,57,49,97,87,77,30.4,30.32,30.2,10,10,6,10,4,14,0.03,Rain
11/26/2016,70,62,53,56,51,47,83,69,55,30.4,30.31,30.19,10,10,10,7,2,9,0, 
11/27/2016,76,66,56,65,59,51,86,75,64,30.18,29.93,29.68,10,10,10,14,6,26,0, 
11/28/2016,79,65,51,66,49,33,84,53,21,29.65,29.57,29.52,10,10,10,17,6,28,0, 
11/29/2016,79,64,49,48,42,38,80,53,25,29.81,29.67,29.59,10,10,10,8,3,12,0, 
11/30/2016,67,55,42,42,33,26,66,45,24,30.12,30.02,29.84,10,10,10,13,4,20,0, 
12/1/2016,69,53,37,43,34,31,85,56,27,30.16,30.08,30.01,10,10,10,12,3,16,0, 
12/2/2016,64,58,51,57,49,43,90,77,63,30.11,30.05,30.01,10,10,5,10,4,17,0.22,Rain
12/3/2016,52,51,49,50,49,47,100,95,89,30.04,29.97,29.86,10,6,2,12,6,21,1.29,Rain
12/4/2016,53,51,49,49,48,46,93,88,83,30.07,30.01,29.93,10,8,2,13,6,19,0.37,Rain
12/5/2016,52,50,47,50,48,46,100,95,89,30.01,29.85,29.77,10,5,1,10,3,17,0.63,Rain
12/6/2016,58,51,43,48,45,43,100,84,67,30.09,29.94,29.79,10,8,0,17,4,27,0,Fog
12/7/2016,56,48,39,48,45,39,100,86,72,30.26,30.11,30.04,10,7,2,13,3,19,0, 
12/8/2016,52,44,36,44,31,20,83,68,52,30.68,30.49,30.27,10,10,9,21,10,32,0, 
12/9/2016,46,40,33,26,20,16,56,45,34,30.69,30.6,30.52,10,10,10,12,5,18,0, 
12/10/2016,52,44,35,50,37,27,96,75,54,30.51,30.37,30.2,10,8,2,9,3,15,0, 
12/11/2016,67,59,50,61,55,50,100,91,81,30.18,30.04,29.92,10,5,0,14,4,25,0.02,"Fog , Rain"
12/12/2016,67,57,46,52,47,41,93,73,52,30.12,30.02,29.96,10,10,10,10,3,17,0, 
12/13/2016,77,64,50,60,54,46,100,73,46,30.13,30.01,29.93,10,7,1,14,4,22,0, 
12/14/2016,57,50,43,48,43,38,89,78,66,30.31,30.18,30.13,10,10,7,12,4,17,0, 
12/15/2016,54,50,45,43,42,40,92,78,63,30.42,30.31,30.16,10,7,2,12,5,20,0, 
12/16/2016,67,59,51,61,54,41,96,82,68,30.14,29.94,29.81,10,8,2,12,5,21,0, 
12/17/2016,76,55,34,67,59,21,100,80,59,30.19,29.78,29.65,10,6,2,21,6,35,0, 
12/18/2016,37,32,26,18,12,10,58,48,38,30.67,30.49,30.25,10,10,10,21,12,35,0, 
12/19/2016,45,34,23,17,12,8,59,42,24,30.76,30.68,30.6,10,10,10,13,5,21,0, 
12/20/2016,59,47,35,25,20,15,59,40,20,30.59,30.46,30.3,10,10,10,7,2,11,0, 
12/21/2016,71,57,43,40,32,25,55,41,27,30.29,30.2,30.1,10,10,10,12,4,19,0, 
12/22/2016,68,59,50,40,36,33,63,48,32,30.35,30.26,30.18,10,10,9,12,4,19,0, 
12/23/2016,68,60,52,64,54,37,100,74,47,30.22,30.1,30,10,6,0,7,1,10,0.01,"Fog , Rain"
12/24/2016,78,72,65,68,66,64,100,85,69,30.08,30.02,29.96,10,9,5,17,7,28,T, 
12/25/2016,80,74,68,67,65,64,90,74,58,30.01,29.94,29.85,10,10,10,17,9,32,0, 
12/26/2016,84,77,70,70,69,67,93,74,55,30.24,30.11,29.99,10,10,7,12,4,20,T,Rain
12/27/2016,76,69,62,68,58,47,97,72,46,30.27,30.2,30.14,10,10,10,7,1,11,T, 
12/28/2016,83,73,62,67,64,56,93,72,51,30.15,30.08,29.96,10,9,4,12,3,20,0, 
12/29/2016,70,60,49,65,27,16,84,51,18,30.53,30.38,30.08,10,10,10,18,9,30,0, 
12/30/2016,55,52,49,34,23,18,48,38,27,30.51,30.31,30.09,10,10,10,12,4,16,T, 
12/31/2016,77,64,51,61,51,36,90,70,50,30.06,29.9,29.76,10,10,4,10,3,18,T,Rain
1/1/2017,73,63,53,60,52,39,97,74,43,29.93,29.85,29.79,10,8,0,7,2,-,0,Fog
1/2/2017,73,64,52,62,54,44,100,79,38,29.96,29.85,29.75,10,8,1,15,5,25,0.4,"Rain , Thunderstorm"
1/3/2017,75,60,44,44,39,31,80,52,24,30.18,30.04,29.95,10,10,10,12,4,23,0, 
1/4/2017,48,42,37,31,28,24,68,58,48,30.24,30.13,29.97,10,10,10,10,6,17,0, 
1/5/2017,62,49,34,47,35,18,79,64,50,30.12,29.96,29.87,10,10,7,15,4,28,0, 
1/6/2017,34,29,23,18,15,13,60,55,49,30.6,30.31,30.12,10,10,10,17,10,28,0, 
1/7/2017,44,32,19,13,11,6,73,48,22,30.83,30.74,30.61,10,10,10,12,4,21,0, 
1/8/2017,53,37,21,32,18,11,81,50,19,30.78,30.64,30.49,10,10,10,14,4,22,0, 
1/9/2017,71,57,43,55,47,35,89,69,49,30.46,30.3,30.12,10,10,10,15,5,27,0, 
1/10/2017,79,69,59,58,56,53,90,66,42,30.09,30.02,29.96,10,10,10,17,7,35,0, 
1/11/2017,80,70,59,63,60,57,93,72,51,30.03,29.95,29.87,10,10,9,16,8,29,0, 
1/12/2017,81,74,67,65,63,59,87,70,52,30.16,30.04,29.95,10,10,7,14,8,26,0, 
1/13/2017,78,67,56,69,63,51,100,74,48,30.36,30.25,30.15,10,8,0,14,7,24,0.65,"Fog , Rain"
1/14/2017,56,52,47,51,50,46,100,92,83,30.41,30.33,30.27,9,3,1,8,4,13,0.07,Rain
1/15/2017,73,62,51,66,59,50,100,87,73,30.25,30.01,29.84,10,4,1,17,5,29,0.61,"Rain , Thunderstorm"
1/16/2017,70,64,58,61,56,51,97,78,58,30.05,29.97,29.91,10,9,1,9,1,16,0.3,"Rain , Thunderstorm"
1/17/2017,59,54,48,55,48,46,100,86,72,30.19,30.11,30.03,10,7,0,14,6,22,1.57,"Fog , Rain , Thunderstorm"
1/18/2017,56,52,47,52,48,46,100,93,86,30.13,30.09,29.99,10,8,2,9,4,14,0.51,"Rain , Thunderstorm"
1/19/2017,71,62,52,55,52,50,100,79,57,29.99,29.83,29.7,10,10,10,12,3,18,T,Rain
1/20/2017,76,62,47,55,50,46,93,66,38,29.84,29.74,29.65,10,9,5,8,1,11,0, 
1/21/2017,81,65,48,58,51,33,100,62,23,29.63,29.58,29.42,10,7,0,21,6,38,0.02,Fog
1/22/2017,70,62,53,42,34,27,47,38,28,29.99,29.75,29.56,10,10,10,24,11,43,0, 
1/23/2017,76,61,46,39,36,34,65,44,23,30.06,29.94,29.83,10,10,10,10,4,16,0, 
1/24/2017,84,67,50,64,51,36,87,62,37,29.8,29.71,29.61,10,10,10,14,7,25,0, 
1/25/2017,69,59,48,63,36,27,84,53,22,30.17,29.92,29.73,10,10,10,15,7,24,0, 
1/26/2017,59,50,40,30,27,24,64,46,28,30.37,30.27,30.17,10,10,10,10,3,14,0, 
1/27/2017,58,48,38,30,24,21,70,48,26,30.42,30.35,30.29,10,10,10,13,5,19,0, 
1/28/2017,61,50,39,37,31,21,82,52,22,30.43,30.35,30.27,10,10,10,14,6,22,T,Rain
1/29/2017,70,55,40,34,30,28,65,44,22,30.4,30.32,30.28,10,10,10,14,6,22,0, 
1/30/2017,79,63,47,35,30,26,61,38,15,30.29,30.19,30.1,10,10,10,12,5,18,0, 
1/31/2017,78,61,44,50,36,29,67,44,21,30.11,30.03,29.96,10,10,10,13,4,21,0, 
2/1/2017,82,67,51,59,52,45,100,68,35,30.09,29.98,29.89,10,8,2,14,4,20,0, 
2/2/2017,64,55,46,39,35,32,65,52,39,30.31,30.22,30.07,10,10,10,13,7,20,0, 
2/3/2017,53,49,45,37,34,31,61,57,53,30.44,30.37,30.29,10,10,10,13,6,21,T, 
2/4/2017,51,49,47,52,46,36,100,77,54,30.35,30.24,30.13,10,4,1,9,1,12,0.02,Rain
2/5/2017,72,62,51,64,59,51,100,89,78,30.13,30.06,29.98,10,6,0,12,3,19,T,Fog
2/6/2017,78,73,67,67,65,63,93,76,58,30,29.91,29.8,10,9,3,12,5,22,T,Rain
2/7/2017,86,71,56,66,54,36,100,59,17,29.86,29.8,29.73,10,8,2,13,2,22,0, 
2/8/2017,87,69,51,46,41,33,77,49,21,30.19,29.88,29.73,10,10,10,18,5,26,0, 
2/9/2017,68,56,43,37,31,28,54,39,24,30.38,30.28,30.19,10,10,10,10,5,19,0, 
2/10/2017,79,65,51,63,51,36,87,70,52,30.28,30.16,30.03,10,10,7,7,3,22,0, 
2/11/2017,86,76,66,67,64,62,93,71,48,30.05,29.99,29.91,10,8,5,12,6,21,0, 
2/12/2017,79,73,66,66,61,49,93,73,52,30.19,30.09,29.98,10,9,5,14,5,21,0, 
2/13/2017,78,71,63,64,55,42,84,63,42,30.18,30.05,29.86,10,10,10,18,9,28,T, 
2/14/2017,67,57,47,62,47,37,93,80,66,30.11,29.94,29.85,10,8,2,20,9,32,0.86,"Rain , Thunderstorm"
2/15/2017,65,54,43,38,33,27,82,53,24,30.22,30.16,30.12,10,10,10,16,7,24,0, 
2/16/2017,70,55,40,39,36,34,79,54,28,30.2,30.1,30,10,10,10,12,3,15,0, 
2/17/2017,77,64,50,60,50,41,93,67,41,29.98,29.85,29.73,10,10,10,13,6,22,0, 
2/18/2017,86,74,62,64,56,45,90,58,26,29.84,29.78,29.71,10,10,10,12,6,20,0, 
2/19/2017,81,71,61,68,66,59,90,76,62,29.96,29.84,29.77,10,7,2,20,8,37,0.09,"Rain , Thunderstorm"
2/20/2017,70,64,58,59,57,54,100,80,59,30.02,29.95,29.86,10,8,1,21,4,34,1.12,"Rain , Thunderstorm"
2/21/2017,82,67,52,55,43,37,100,61,21,30.03,29.97,29.92,10,10,9,15,6,26,0, 
2/22/2017,87,69,51,49,45,40,71,48,24,29.96,29.86,29.73,10,10,10,10,3,15,0, 
2/23/2017,90,73,55,60,49,42,73,50,26,29.73,29.64,29.52,10,10,10,15,5,25,0, 
2/24/2017,80,67,54,50,35,28,43,31,18,30.02,29.8,29.62,10,10,10,17,6,23,0, 
2/25/2017,63,54,44,33,28,22,58,42,25,30.25,30.13,30.04,10,10,10,13,6,22,0, 
2/26/2017,72,57,42,64,50,33,93,77,60,30.05,29.95,29.87,10,10,9,12,3,18,T, 
2/27/2017,82,74,66,66,65,64,93,76,58,29.98,29.92,29.85,10,8,4,13,6,21,T, 
2/28/2017,80,75,69,68,67,66,90,79,67,29.96,29.89,29.81,10,7,2,14,7,24,0, 
3/1/2017,73,64,54,67,45,23,93,59,24,30.29,30.08,29.86,10,9,7,21,8,29,0, 
3/2/2017,66,58,49,28,22,19,42,30,18,30.48,30.4,30.3,10,10,10,13,5,23,0, 
3/3/2017,71,56,40,38,29,24,70,45,19,30.57,30.48,30.43,10,10,10,14,6,23,0, 
3/4/2017,59,57,54,57,52,39,100,72,44,30.4,30.33,30.24,10,6,2,13,4,18,0.66,Rain
3/5/2017,75,66,57,65,60,57,100,84,68,30.23,30.11,29.99,10,6,1,12,4,19,0.27,Rain
3/6/2017,84,76,68,67,66,64,93,76,58,30.03,29.94,29.81,10,10,10,16,9,29,T,Rain
3/7/2017,77,69,61,67,51,34,93,61,29,30.29,30.12,29.94,10,10,5,17,6,25,T, 
3/8/2017,76,68,60,64,50,33,78,56,34,30.32,30.23,30.16,10,10,10,12,4,17,T, 
3/9/2017,80,74,67,66,64,59,93,79,64,30.19,30.13,30.01,10,10,6,14,5,23,T,"Rain , Thunderstorm"
3/10/2017,83,73,62,65,62,59,93,70,47,30.17,30.11,30.06,10,10,10,12,2,18,T, 
3/11/2017,66,64,61,64,62,59,100,94,87,30.14,30.09,30.01,10,6,1,9,4,15,0.73,Rain
3/12/2017,62,55,47,60,47,43,93,85,77,30.3,30.21,30.09,10,9,4,18,7,31,0.01,Rain
3/13/2017,70,58,48,52,48,46,100,85,44,30.24,30.14,30.06,10,6,2,12,3,18,0.01,Rain
3/14/2017,73,57,40,46,43,41,57,46,35,30.33,30.24,30.13,10,10,10,12,3,18,0, 
3/15/2017,75,62,49,54,49,44,86,64,41,30.34,30.26,30.2,10,9,0,14,6,21,0, 
3/16/2017,79,69,58,63,59,55,100,78,56,30.26,30.19,30.07,10,7,2,14,6,24,0.02, 
3/17/2017,83,74,65,64,62,61,87,69,51,30.18,30.12,30.06,10,10,9,15,8,24,0, 
3/18/2017,84,75,65,66,63,61,93,72,51,30.32,30.23,30.17,10,10,7,10,4,16,0, 
3/19/2017,85,75,65,65,62,59,93,69,44,30.28,30.2,30.12,10,10,9,12,6,21,0, 
3/20/2017,85,75,64,65,60,53,87,63,39,30.19,30.11,30.03,10,10,10,13,7,21,0, 
3/21/2017,85,74,63,63,61,59,93,70,47,30.14,30.06,29.98,10,10,8,13,8,23,0, 
3/22/2017,83,76,68,64,62,58,87,67,47,30.16,30.07,30,10,10,10,14,7,23,0, 
3/23/2017,85,75,65,63,59,43,87,56,24,30.11,30.02,29.91,10,10,10,24,10,38,0, 
3/24/2017,83,72,60,71,63,51,90,68,45,29.97,29.91,29.81,10,8,2,17,6,28,0.05,Rain
3/25/2017,84,69,53,51,46,41,71,48,25,30.09,29.97,29.89,10,10,10,12,4,17,0, 
3/26/2017,86,75,63,66,61,51,93,67,40,29.91,29.84,29.73,10,8,2,18,8,27,0, 
3/27/2017,86,78,70,67,66,65,90,73,55,29.92,29.83,29.78,10,9,4,13,5,20,0, 
3/28/2017,86,78,70,68,66,60,90,67,44,29.87,29.78,29.62,10,8,4,22,10,35,0, 
3/29/2017,84,72,60,68,56,42,100,62,24,29.89,29.76,29.64,10,8,1,15,5,27,0.73,"Rain , Thunderstorm"
3/30/2017,82,68,54,50,46,39,77,50,23,29.93,29.85,29.75,10,10,10,15,4,26,0, 
3/31/2017,86,71,55,59,53,48,80,56,32,29.83,29.76,29.7,10,10,10,18,6,27,0, 
4/1/2017,76,71,65,65,63,59,93,79,64,29.88,29.82,29.77,10,10,10,16,8,26,0, 
4/2/2017,77,67,57,67,61,51,93,74,54,29.85,29.75,29.65,10,7,1,16,6,29,0.71,"Rain , Thunderstorm"
4/3/2017,90,70,49,54,51,47,93,58,23,29.81,29.72,29.65,10,10,10,10,2,17,0, 
4/4/2017,89,75,60,62,55,50,72,52,32,29.75,29.67,29.6,10,10,10,14,5,22,0, 
4/5/2017,75,64,52,43,39,36,63,45,27,30.17,30.04,29.78,10,10,10,21,8,34,0, 
4/6/2017,79,64,49,47,43,40,77,52,27,30.29,30.21,30.16,10,10,10,9,3,15,0, 
4/7/2017,81,67,52,51,48,44,77,55,32,30.25,30.17,30.07,10,10,10,12,4,20,0, 
4/8/2017,82,69,56,62,58,52,93,72,51,30.09,29.99,29.89,10,10,10,15,7,26,0, 
4/9/2017,81,74,66,66,64,61,87,73,58,29.94,29.9,29.82,10,10,10,15,8,26,0, 
4/10/2017,80,76,71,73,69,65,90,82,74,30.05,29.98,29.89,10,8,1,13,7,22,0.1,Rain
4/11/2017,72,67,62,70,65,59,100,94,87,30.2,30.12,30,10,8,1,10,4,18,0.34,"Rain , Thunderstorm"
4/12/2017,78,70,61,65,61,59,97,79,60,30.22,30.16,30.1,10,10,7,10,4,15,0, 
4/13/2017,82,75,67,66,64,58,100,77,54,30.21,30.14,30.04,10,9,5,14,6,23,T,Rain
4/14/2017,84,75,65,64,62,57,93,69,45,30.15,30.07,29.97,10,10,5,12,5,20,0, 
4/15/2017,84,76,67,66,64,63,87,71,54,30.09,30.03,29.96,10,10,9,14,7,25,0, 
4/16/2017,84,77,69,68,66,65,90,73,55,30.06,30.01,29.95,10,10,10,14,6,21,0, 
4/17/2017,80,72,63,67,65,57,90,80,69,30.05,30,29.93,10,10,6,16,5,26,T,"Rain , Thunderstorm"
4/18/2017,82,72,61,65,62,58,90,73,55,30.04,30,29.95,10,10,10,10,4,16,0, 
4/19/2017,85,77,68,66,65,64,87,71,55,30.08,30.02,29.95,10,10,9,14,6,22,T,Rain
4/20/2017,88,79,70,68,67,65,90,73,55,30.07,30,29.91,10,10,10,12,6,20,0, 
4/21/2017,89,80,71,67,66,65,84,66,48,29.98,29.86,29.72,10,10,9,14,7,23,0, 
4/22/2017,73,65,57,67,55,44,86,69,52,30.16,29.99,29.78,10,10,4,14,7,23,0.01,Rain
4/23/2017,77,64,50,44,42,40,71,50,29,30.19,30.1,30,10,10,10,14,5,22,0, 
4/24/2017,82,65,48,54,49,44,86,61,35,30.02,29.87,29.7,10,10,10,14,4,22,0, 
4/25/2017,90,76,62,70,65,54,90,73,55,29.69,29.58,29.46,10,10,10,16,7,26,0, 
4/26/2017,91,77,62,70,57,37,84,51,17,29.76,29.56,29.41,10,10,8,18,8,30,0, 
4/27/2017,86,70,53,64,50,44,84,58,31,29.84,29.72,29.6,10,10,10,15,7,26,0, 
4/28/2017,95,83,70,72,68,63,84,64,43,29.65,29.58,29.5,10,9,7,17,9,26,0, 
4/29/2017,92,79,66,73,66,44,82,64,45,29.8,29.59,29.48,10,7,4,18,9,30,0.01,Thunderstorm
4/30/2017,78,65,52,54,44,35,63,43,22,29.98,29.89,29.81,10,10,7,18,6,33,0.05,"Rain , Thunderstorm"
5/1/2017,91,71,51,56,48,42,77,50,23,29.99,29.93,29.85,10,10,10,14,6,23,0, 
5/2/2017,92,77,62,63,56,47,84,57,30,29.98,29.9,29.82,10,10,10,16,7,25,0, 
5/3/2017,95,80,64,72,66,47,93,66,39,29.97,29.8,29.67,10,9,5,18,8,31,T,Rain
5/4/2017,79,70,60,47,43,39,60,43,25,30.12,30.03,29.95,10,10,10,18,8,34,0, 
5/5/2017,86,71,55,48,42,38,67,44,20,30.11,30.03,29.93,10,10,10,13,4,20,0, 
5/6/2017,91,73,54,53,49,46,77,52,27,30.02,29.95,29.88,10,10,10,12,4,17,0, 
5/7/2017,88,75,61,59,57,56,78,56,34,30,29.94,29.88,10,10,10,15,6,23,0, 
5/8/2017,84,74,64,63,61,58,87,66,45,30.03,29.97,29.92,10,10,10,16,8,23,0, 
5/9/2017,76,71,66,72,68,63,93,86,78,30.02,29.96,29.9,10,9,2,12,6,18,0.04,"Rain , Thunderstorm"
5/10/2017,83,77,71,70,68,66,90,76,62,29.98,29.91,29.86,10,9,7,14,7,23,T, 
5/11/2017,88,80,71,72,70,67,93,73,53,29.96,29.88,29.79,10,7,2,15,3,25,0.22,"Rain , Thunderstorm"
5/12/2017,88,76,63,70,57,50,93,61,29,29.96,29.9,29.83,10,9,4,14,7,25,0,Thunderstorm
5/13/2017,89,74,58,58,54,52,80,54,27,29.97,29.91,29.84,10,10,10,10,3,16,0, 
5/14/2017,93,78,62,65,61,58,90,63,36,29.96,29.89,29.83,10,10,10,13,5,20,0, 
5/15/2017,92,80,67,66,64,63,93,67,41,29.97,29.9,29.81,10,10,9,15,7,24,0, 
5/16/2017,86,78,70,69,67,65,90,74,57,29.89,29.8,29.7,10,10,10,20,9,32,0, 
5/17/2017,90,80,70,74,69,58,100,67,34,29.84,29.77,29.68,10,8,2,14,5,24,0.12,Rain
5/18/2017,94,84,73,73,71,65,94,72,49,29.82,29.75,29.66,10,8,5,20,10,33,T, 
5/19/2017,95,85,75,71,69,67,87,64,41,29.81,29.74,29.68,10,10,10,18,9,28,0, 
5/20/2017,84,75,66,71,67,65,93,77,61,29.99,29.89,29.77,10,9,1,15,4,23,1.22,"Rain , Thunderstorm"
5/21/2017,78,70,62,67,61,57,93,74,54,30.11,30.05,29.98,10,8,1,14,6,25,0.67,"Rain , Thunderstorm"
5/22/2017,77,69,61,65,62,58,93,81,69,30.1,29.99,29.89,10,10,7,9,4,16,0.02,Rain
5/23/2017,86,72,58,65,62,51,100,73,45,29.96,29.89,29.78,10,8,2,21,5,33,0.07,"Rain , Thunderstorm"
5/24/2017,87,72,56,55,49,43,86,54,21,29.95,29.83,29.7,10,10,10,12,5,19,0, 
5/25/2017,94,78,62,70,60,52,76,55,34,29.77,29.72,29.65,10,10,10,17,7,29,0, 
5/26/2017,92,84,75,75,72,70,87,70,52,29.89,29.81,29.74,10,10,7,13,6,24,0, 
5/27/2017,97,87,76,76,74,72,94,71,48,29.91,29.85,29.76,10,6,2,15,7,23,0.01,Rain
5/28/2017,94,80,66,73,71,62,93,73,52,29.98,29.87,29.77,10,9,2,18,4,34,0.47,"Rain , Thunderstorm"
5/29/2017,88,78,68,69,67,64,93,70,46,30.11,30,29.92,10,10,10,8,2,11,0, 
5/30/2017,88,78,68,68,66,63,90,68,45,30.07,30.02,29.97,10,10,10,8,2,14,0, 
5/31/2017,85,77,68,70,68,62,97,74,51,30.08,30.01,29.94,10,10,9,17,2,26,0.02,Rain
6/1/2017,89,78,67,71,68,65,97,75,53,30.04,29.95,29.86,10,10,9,10,4,16,0, 
6/2/2017,92,83,74,72,71,66,93,70,47,29.98,29.92,29.8,10,10,10,12,5,16,T, 
6/3/2017,92,82,71,73,71,65,94,69,44,29.96,29.9,29.81,10,10,2,12,4,20,0.24,"Rain , Thunderstorm"
6/4/2017,91,80,68,71,69,66,100,76,52,29.9,29.83,29.75,10,9,2,12,1,24,0.17,"Rain , Thunderstorm"
6/5/2017,90,78,66,70,68,65,100,72,44,29.79,29.74,29.68,10,9,0,25,3,41,1.39,"Fog , Rain , Thunderstorm"
6/6/2017,92,81,70,70,66,60,97,67,36,29.88,29.82,29.78,10,10,10,14,5,25,0, 
6/7/2017,95,83,70,68,62,54,84,55,26,29.94,29.9,29.86,10,10,10,9,3,17,0, 
6/8/2017,93,83,73,68,66,64,79,60,41,29.97,29.9,29.82,10,10,10,9,4,14,0, 
6/9/2017,90,82,74,71,69,65,87,69,50,29.93,29.87,29.78,10,10,10,13,6,20,0, 
6/10/2017,93,82,70,69,65,59,84,62,40,29.93,29.86,29.8,10,10,10,14,6,21,0, 
6/11/2017,93,83,73,70,68,62,87,62,36,29.96,29.9,29.82,10,10,10,13,7,21,0, 
6/12/2017,94,85,75,72,68,62,87,62,36,29.96,29.89,29.81,10,10,2,15,7,22,T,Rain
6/13/2017,98,87,76,73,71,68,88,63,38,29.94,29.87,29.8,10,10,10,18,7,27,0, 
6/14/2017,96,87,78,74,71,67,85,63,41,29.99,29.9,29.83,10,10,7,14,8,23,0, 
6/15/2017,99,88,76,74,71,67,94,65,35,29.99,29.92,29.82,10,10,10,13,7,20,0, 
6/16/2017,98,88,77,73,70,66,82,60,38,29.91,29.82,29.72,10,10,10,16,7,29,0, 
6/17/2017,101,89,77,75,72,68,85,61,36,29.81,29.73,29.64,10,10,10,15,8,28,0, 
6/18/2017,100,89,78,74,71,67,85,60,35,29.82,29.75,29.68,10,10,10,13,7,23,0, 
6/19/2017,92,84,76,74,72,68,94,72,49,30.03,29.92,29.82,10,10,2,13,4,19,0.01,"Rain , Thunderstorm"
6/20/2017,98,87,76,72,69,66,82,60,38,29.98,29.92,29.84,10,10,10,10,5,17,0, 
6/21/2017,97,86,75,72,64,53,82,54,26,29.9,29.79,29.68,10,10,10,14,6,22,0, 
6/22/2017,99,88,76,72,67,64,74,54,33,29.76,29.67,29.6,10,10,10,10,5,17,0, 
6/23/2017,104,91,78,75,72,68,91,63,35,29.88,29.76,29.68,10,10,8,14,7,22,0, 
6/24/2017,85,79,72,76,71,66,85,70,55,30.12,30.02,29.89,10,8,1,13,5,23,0.14,Rain
6/25/2017,90,83,75,74,71,67,87,67,47,30.19,30.11,30.05,10,10,7,13,5,19,0.02,Rain
6/26/2017,91,82,72,74,72,67,100,74,47,30.15,30.08,29.95,10,8,1,15,2,22,1.07,"Rain , Thunderstorm"
6/27/2017,91,81,71,74,72,67,100,75,50,30.05,30,29.9,10,7,2,20,3,30,0.01,Rain
6/28/2017,92,82,71,72,70,67,93,70,47,29.96,29.91,29.81,10,10,10,10,4,18,0, 
6/29/2017,99,87,75,75,73,70,94,68,42,29.91,29.85,29.77,10,10,10,13,6,23,0, 
6/30/2017,98,89,79,75,73,70,85,64,42,29.95,29.88,29.84,10,10,10,16,8,27,0, 
7/1/2017,98,89,79,76,72,66,85,62,38,30.13,30.02,29.92,10,9,6,15,7,24,T, 
7/2/2017,100,89,78,75,72,66,91,63,35,30.18,30.06,29.95,10,10,8,14,6,25,0, 
7/3/2017,99,88,76,74,71,67,88,62,35,30.09,30,29.89,10,10,10,13,7,26,0, 
7/4/2017,101,90,78,74,72,66,85,60,35,30.07,29.97,29.86,10,10,10,13,7,28,0, 
7/5/2017,99,89,78,74,70,60,85,58,31,30.12,30.01,29.92,10,10,10,13,6,19,0, 
7/6/2017,100,89,77,74,71,63,88,60,31,30.15,30.06,29.98,10,10,10,12,4,20,0,Thunderstorm
7/7/2017,99,87,75,74,71,65,88,61,33,30.13,30.05,29.98,10,10,10,15,3,27,0.02,"Rain , Thunderstorm"
7/8/2017,100,88,75,71,67,62,87,59,31,30.09,30.02,29.94,10,10,10,9,3,17,0,Thunderstorm
7/9/2017,101,89,77,71,67,60,82,56,29,30.04,29.99,29.91,10,10,10,12,4,19,0, 
7/10/2017,100,88,76,72,65,58,87,57,26,29.99,29.95,29.89,10,10,10,12,5,20,0, 
7/11/2017,101,89,77,73,69,58,88,58,27,30.05,29.96,29.87,10,10,10,14,7,22,0, 
7/12/2017,101,89,77,73,70,59,88,59,29,30.07,29.99,29.93,10,10,10,13,6,20,0, 
7/13/2017,102,90,77,74,70,63,88,59,29,30.15,30.06,29.97,10,10,10,10,3,19,0, 
7/14/2017,101,89,77,74,69,61,88,58,27,30.16,30.07,29.98,10,10,10,15,4,22,0, 
7/15/2017,103,87,71,73,70,63,100,65,29,30.07,30.01,29.94,10,9,2,23,3,35,0.16,"Rain , Thunderstorm"
7/16/2017,99,84,68,71,69,65,100,67,33,29.99,29.93,29.84,10,9,6,12,3,24,0, 
7/17/2017,98,88,77,75,71,66,88,63,38,29.94,29.9,29.84,10,10,10,16,3,23,T,"Rain , Thunderstorm"
7/18/2017,100,88,76,74,70,65,88,61,33,30.03,29.98,29.93,10,10,10,14,5,20,0, 
7/19/2017,101,89,77,74,70,63,88,60,31,30.17,30.07,29.99,10,10,10,18,5,29,0, 
7/20/2017,103,90,77,75,69,61,85,56,27,30.12,30.03,29.93,10,10,10,14,5,22,0, 
7/21/2017,104,91,77,74,68,61,85,56,27,30.01,29.95,29.86,10,10,10,14,5,24,T, 
7/22/2017,103,90,77,74,68,61,88,58,27,29.96,29.9,29.81,10,10,10,13,6,22,0, 
7/23/2017,103,90,77,74,71,66,85,58,31,29.93,29.88,29.82,10,10,2,13,4,24,0.04,"Rain , Thunderstorm"
7/24/2017,102,89,76,75,71,56,91,60,29,30.01,29.95,29.89,10,10,9,13,3,19,0.01,"Rain , Thunderstorm"
7/25/2017,103,91,78,75,71,63,91,61,31,30.11,30.03,29.95,10,10,9,15,7,24,0, 
7/26/2017,103,91,78,75,70,61,91,58,25,30.13,30.03,29.93,10,10,10,15,6,27,T, 
7/27/2017,103,89,75,71,67,61,82,54,25,30.04,29.97,29.88,10,10,10,12,5,21,0, 
7/28/2017,105,91,76,71,64,55,87,54,20,29.97,29.9,29.81,10,10,10,14,5,20,0, 
7/29/2017,107,92,77,72,64,55,82,51,19,29.91,29.86,29.79,10,10,10,12,4,17,0, 
7/30/2017,106,93,79,70,68,63,69,48,27,29.96,29.91,29.87,10,10,10,13,4,20,0, 
7/31/2017,99,88,77,66,61,54,64,43,22,30.04,29.97,29.91,10,10,10,12,4,20,0, 
